valid,timestamp,event_type,key
1,1753733151.543226,down,t
1,1753733151.655515,up,t
1,1753733151.791533,down,h
1,1753733151.870768,up,h
1,1753733151.886180,down,e
1,1753733151.967255,up,e
1,1753733151.991004,down,space
1,1753733152.080040,down,q
1,1753733152.085982,up,space
1,1753733152.176463,up,q
1,1753733152.231186,down,u
1,1753733152.304902,down,i
1,1753733152.335837,up,u
1,1753733152.366771,up,i
1,1753733152.421979,down,c
1,1753733152.486107,down,k
1,1753733152.511991,up,c
1,1753733152.574754,up,k
1,1753733152.615113,down,space
1,1753733152.695741,up,space
1,1753733152.697516,down,b
1,1753733152.750684,up,b
1,1753733152.864193,down,r
1,1753733152.935534,up,r
1,1753733152.985590,down,o
1,1753733153.032952,down,w
1,1753733153.063602,up,o
1,1753733153.135228,up,w
1,1753733153.160036,down,n
1,1753733153.241985,up,n
1,1753733153.287102,down,space
1,1753733153.367694,up,space
1,1753733153.392763,down,f
1,1753733153.449110,up,f
1,1753733153.473689,down,o
1,1753733153.577054,down,x
1,1753733153.582996,up,o
1,1753733153.687713,up,x
1,1753733153.694596,down,space
1,1753733153.784876,up,space
1,1753733153.841852,down,j
1,1753733153.920389,up,j
1,1753733154.009326,down,u
1,1753733154.054364,up,u
1,1753733154.151871,down,m
1,1753733154.223790,down,p
1,1753733154.264499,up,m
1,1753733154.321161,down,s
1,1753733154.327434,up,p
1,1753733154.416849,up,s
1,1753733154.520228,down,space
1,1753733154.623085,up,space
1,1753733154.664810,down,o
1,1753733154.767085,up,o
1,1753733154.768942,down,v
1,1753733154.823681,up,v
1,1753733154.904905,down,e
1,1753733154.992601,down,r
1,1753733155.016620,up,e
1,1753733155.104754,up,r
1,1753733155.352482,down,space
1,1753733155.440157,up,space
1,1753733155.464799,down,t
1,1753733155.536480,up,t
1,1753733155.551611,down,h
1,1753733155.616601,down,e
1,1753733155.631680,up,h
1,1753733155.703243,down,space
1,1753733155.727123,up,e
1,1753733155.785470,up,space
1,1753733155.793426,down,l
1,1753733155.873497,down,a
1,1753733155.904819,up,l
1,1753733155.944789,up,a
1,1753733156.040547,down,z
1,1753733156.110157,down,y
1,1753733156.125728,up,z
1,1753733156.184367,up,y
1,1753733156.192183,down,space
1,1753733156.265048,down,d
1,1753733156.271536,up,space
1,1753733156.344831,up,d
1,1753733156.393224,down,o
1,1753733156.472055,up,o
1,1753733156.487923,down,g
1,1753733156.551733,up,g
0,1753733214.375543,down,t
0,1753733214.455871,up,t
0,1753733215.305246,down,h
0,1753733215.400403,up,h
0,1753733216.265170,down,e
0,1753733216.338061,up,e
0,1753733217.182458,down,space
0,1753733217.271205,up,space
0,1753733218.089620,down,q
0,1753733218.168509,up,q
0,1753733218.976351,down,u
0,1753733219.039488,up,u
0,1753733219.935440,down,i
0,1753733220.006140,up,i
0,1753733220.825058,down,c
0,1753733220.904055,up,c
0,1753733221.671315,down,k
0,1753733221.751592,up,k
0,1753733222.599505,down,space
0,1753733222.682380,up,space
0,1753733223.439074,down,b
0,1753733223.520256,up,b
0,1753733224.310802,down,r
0,1753733224.383687,up,r
0,1753733225.160837,down,o
0,1753733225.232412,up,o
0,1753733225.998034,down,w
0,1753733226.064154,up,w
0,1753733226.792386,down,n
0,1753733226.870494,up,n
0,1753733227.648566,down,space
0,1753733227.721709,up,space
0,1753733228.414288,down,f
0,1753733228.486439,up,f
0,1753733229.199626,down,o
0,1753733229.271420,up,o
0,1753733230.007457,down,x
0,1753733230.055056,up,x
0,1753733230.823309,down,space
0,1753733230.887851,up,space
0,1753733231.590618,down,j
0,1753733231.658051,up,j
0,1753733232.375313,down,u
0,1753733232.439644,up,u
0,1753733233.127813,down,m
0,1753733233.215546,up,m
0,1753733233.928016,down,p
0,1753733234.022572,up,p
0,1753733234.686637,down,s
0,1753733234.752768,up,s
0,1753733235.231297,down,space
0,1753733235.310663,up,space
0,1753733235.608727,down,o
0,1753733235.711445,up,o
0,1753733236.103421,down,v
0,1753733236.191929,up,v
0,1753733236.465725,down,e
0,1753733236.536071,up,e
0,1753733236.823322,down,r
0,1753733236.903117,up,r
0,1753733237.159431,down,space
0,1753733237.265117,up,space
0,1753733237.494435,down,t
0,1753733237.583821,up,t
0,1753733237.815447,down,h
0,1753733237.901822,up,h
0,1753733238.166620,down,e
0,1753733238.229678,up,e
0,1753733238.414706,down,space
0,1753733238.502361,up,space
0,1753733238.687799,down,l
0,1753733238.790957,up,l
0,1753733238.846656,down,a
0,1753733238.965979,up,a
0,1753733239.231252,down,z
0,1753733239.319248,up,z
0,1753733239.537530,down,y
0,1753733239.615925,up,y
0,1753733239.695297,down,space
0,1753733239.758811,up,space
0,1753733239.973969,down,d
0,1753733240.055272,up,d
0,1753733240.118484,down,o
0,1753733240.199790,up,o
0,1753733240.310994,down,g
0,1753733240.366609,up,g
1,1753734661.310479,down,t
1,1753734661.404563,up,t
1,1753734661.422382,down,h
1,1753734661.519328,up,h
1,1753734661.540764,down,e
1,1753734661.622841,up,e
1,1753734661.646550,down,space
1,1753734661.726049,up,space
1,1753734661.727761,down,q
1,1753734661.805262,up,q
1,1753734661.831320,down,u
1,1753734661.902549,down,i
1,1753734661.933611,up,u
1,1753734661.967406,up,i
1,1753734661.983322,down,c
1,1753734662.053784,up,c
1,1753734662.076849,down,k
1,1753734662.166991,up,k
1,1753734662.197555,down,space
1,1753734662.238242,down,b
1,1753734662.262508,up,space
1,1753734662.302566,up,b
1,1753734662.430379,down,r
1,1753734662.502110,up,r
1,1753734662.548476,down,o
1,1753734662.622455,down,w
1,1753734662.639230,up,o
1,1753734662.711824,up,w
1,1753734662.733119,down,n
1,1753734662.821179,up,n
1,1753734662.838100,down,space
1,1753734662.917014,up,space
1,1753734662.925477,down,f
1,1753734662.997128,up,f
1,1753734663.029128,down,o
1,1753734663.132910,up,o
1,1753734663.149259,down,x
1,1753734663.238097,up,x
1,1753734663.285225,down,space
1,1753734663.365969,up,space
1,1753734663.390245,down,j
1,1753734663.477456,up,j
1,1753734663.567120,down,u
1,1753734663.620974,up,u
1,1753734663.727849,down,m
1,1753734663.774716,down,p
1,1753734663.821318,up,m
1,1753734663.839058,down,s
1,1753734663.861679,up,p
1,1753734663.919410,up,s
1,1753734663.928015,down,space
1,1753734663.983795,down,o
1,1753734664.013366,up,space
1,1753734664.076710,up,o
1,1753734664.095515,down,v
1,1753734664.175399,up,v
1,1753734664.245975,down,e
1,1753734664.327596,down,r
1,1753734664.348730,up,e
1,1753734664.405740,up,r
1,1753734664.446198,down,space
1,1753734664.519379,down,t
1,1753734664.525755,up,space
1,1753734664.582238,up,t
1,1753734664.613230,down,h
1,1753734664.644740,down,e
1,1753734664.676346,up,h
1,1753734664.740982,up,e
1,1753734664.764309,down,space
1,1753734664.852983,up,space
1,1753734664.860897,down,l
1,1753734664.957378,up,l
1,1753734665.357625,down,a
1,1753734665.447927,up,a
1,1753734665.556502,down,z
1,1753734665.630090,up,z
1,1753734665.646753,down,y
1,1753734665.719039,up,y
1,1753734665.720778,down,space
1,1753734665.788390,up,space
1,1753734665.796091,down,d
1,1753734665.863398,up,d
1,1753734665.869931,down,o
1,1753734665.941980,up,o
1,1753734665.975567,down,g
1,1753734666.047473,up,g
1,1753734669.262412,down,h
1,1753734669.333611,up,h
1,1753734669.365616,down,e
1,1753734669.420992,up,e
1,1753734669.463922,down,l
1,1753734669.556189,up,l
1,1753734669.639132,down,l
1,1753734669.718242,up,l
1,1753734669.813043,down,o
1,1753734669.892909,up,o
1,1753734669.927653,down,space
1,1753734669.999790,up,space
1,1753734670.005699,down,w
1,1753734670.093380,up,w
1,1753734670.101217,down,o
1,1753734670.199880,down,r
1,1753734670.204788,up,o
1,1753734670.264032,up,r
1,1753734670.285869,down,l
1,1753734670.374014,up,l
1,1753734670.381192,down,d
1,1753734670.463111,up,d
1,1753734681.327420,down,Left
1,1753734681.452612,up,Left
1,1753734681.668737,down,BackSpace
1,1753734681.742028,up,BackSpace
1,1753734682.631123,down,Right
1,1753734682.782367,up,Right
1,1753734683.140647,down,BackSpace
1,1753734683.228338,up,BackSpace
1,1753734683.605428,down,Right
1,1753734683.702263,up,Right
1,1753734683.781607,down,o
1,1753734683.860350,up,o
0,1753734704.709148,down,t
0,1753734704.781571,up,t
0,1753734705.381763,down,h
0,1753734705.437982,up,h
0,1753734706.453522,down,e
0,1753734706.532464,up,e
0,1753734707.700870,down,space
0,1753734707.750495,up,space
0,1753734708.495597,down,q
0,1753734708.581100,up,q
0,1753734709.397681,down,u
0,1753734709.479274,up,u
0,1753734710.261004,down,i
0,1753734710.333648,up,i
0,1753734711.044986,down,c
0,1753734711.133712,up,c
0,1753734711.752155,down,k
0,1753734711.813805,up,k
0,1753734712.524080,down,space
0,1753734712.580698,up,space
0,1753734713.615022,down,b
0,1753734713.696193,up,b
0,1753734714.422611,down,r
0,1753734714.476990,up,r
0,1753734715.116753,down,o
0,1753734715.196242,up,o
0,1753734715.828699,down,w
0,1753734715.900365,up,w
0,1753734716.574247,down,n
0,1753734716.638361,up,n
0,1753734717.324970,down,space
0,1753734717.421129,up,space
0,1753734718.084335,down,f
0,1753734718.165789,up,f
0,1753734718.782531,down,o
0,1753734718.853248,up,o
0,1753734719.516857,down,x
0,1753734719.582189,up,x
0,1753734719.909576,down,space
0,1753734720.003417,up,space
0,1753734720.540760,down,j
0,1753734720.621634,up,j
0,1753734721.285384,down,u
0,1753734721.364587,up,u
0,1753734722.055304,down,m
0,1753734722.141839,up,m
0,1753734722.733379,down,p
0,1753734722.828396,up,p
0,1753734723.534283,down,s
0,1753734723.588424,up,s
0,1753734723.863404,down,space
0,1753734723.956025,up,space
0,1753734724.583077,down,o
0,1753734724.663512,up,o
0,1753734725.292288,down,v
0,1753734725.374389,up,v
0,1753734725.983188,down,e
0,1753734726.055893,up,e
0,1753734726.703149,down,r
0,1753734726.773436,up,r
0,1753734726.982577,down,space
0,1753734727.077886,up,space
0,1753734727.446359,down,t
0,1753734727.532499,up,t
0,1753734728.165150,down,h
0,1753734728.261285,up,h
0,1753734728.862557,down,e
0,1753734728.934741,up,e
0,1753734729.573007,down,space
0,1753734729.653943,up,space
0,1753734729.862697,down,l
0,1753734729.949685,up,l
0,1753734730.213721,down,a
0,1753734730.299518,up,a
0,1753734730.973487,down,z
0,1753734731.069196,up,z
0,1753734731.691767,down,y
0,1753734731.798545,up,y
0,1753734732.397855,down,space
0,1753734732.492965,up,space
0,1753734732.735346,down,d
0,1753734732.789489,up,d
0,1753734733.044825,down,o
0,1753734733.109931,up,o
0,1753734733.788500,down,g
0,1753734733.862137,up,g
0,1753734737.342583,down,h
0,1753734737.422269,up,h
0,1753734737.516574,down,e
0,1753734737.581490,up,e
0,1753734738.133938,down,l
0,1753734738.221385,up,l
0,1753734738.772659,down,l
0,1753734738.886225,up,l
0,1753734739.457160,down,o
0,1753734739.532457,up,o
0,1753734740.165954,down,space
0,1753734740.230078,up,space
0,1753734740.860919,down,w
0,1753734740.935055,up,w
0,1753734741.533147,down,o
0,1753734741.614856,up,o
0,1753734742.219768,down,r
0,1753734742.315182,up,r
0,1753734742.838422,down,l
0,1753734742.901857,up,l
0,1753734743.578209,down,d
0,1753734743.638835,up,d
0,1753734746.540150,down,p
0,1753734746.629954,up,p
0,1753734747.172402,down,a
0,1753734747.268224,up,a
0,1753734747.853226,down,c
0,1753734747.917372,up,c
0,1753734748.572268,down,k
0,1753734748.636717,up,k
0,1753734749.211874,down,space
0,1753734749.268624,up,space
0,1753734749.845057,down,m
0,1753734749.908580,up,m
0,1753734750.501583,down,y
0,1753734750.588730,up,y
0,1753734751.164342,down,space
0,1753734751.246924,up,space
0,1753734751.867878,down,b
0,1753734751.950313,up,b
0,1753734752.509370,down,o
0,1753734752.583477,up,o
0,1753734753.165041,down,x
0,1753734753.239495,up,x
0,1753734753.840320,down,space
0,1753734753.917128,up,space
0,1753734754.461153,down,w
0,1753734754.540676,up,w
0,1753734755.076164,down,i
0,1753734755.158526,up,i
0,1753734755.732358,down,t
0,1753734755.812654,up,t
0,1753734756.341473,down,h
0,1753734756.430388,up,h
0,1753734757.030555,down,space
0,1753734757.092037,up,space
0,1753734757.596893,down,f
0,1753734757.685641,up,f
0,1753734758.262847,down,i
0,1753734758.332422,up,i
0,1753734758.756198,down,v
0,1753734758.838233,up,v
0,1753734759.355757,down,e
0,1753734759.404295,up,e
0,1753734759.765408,down,space
0,1753734759.861606,up,space
0,1753734760.469092,down,d
0,1753734760.556150,up,d
0,1753734760.775390,down,o
0,1753734760.852771,up,o
0,1753734761.404598,down,z
0,1753734761.508072,up,z
0,1753734762.091327,down,e
0,1753734762.164968,up,e
0,1753734762.612336,down,n
0,1753734762.727819,up,n
0,1753734763.254643,down,space
0,1753734763.340311,up,space
0,1753734763.491651,down,l
0,1753734763.589453,up,l
0,1753734763.700775,down,i
0,1753734763.790383,up,i
0,1753734763.917847,down,q
0,1753734763.989516,up,q
0,1753734764.219978,down,u
0,1753734764.308738,up,u
0,1753734764.492367,down,o
0,1753734764.580867,up,o
0,1753734764.750369,down,r
0,1753734764.827762,up,r
0,1753734764.940009,down,space
0,1753734765.046659,up,space
0,1753734765.444453,down,j
0,1753734765.542046,up,j
0,1753734765.662004,down,u
0,1753734765.726808,up,u
0,1753734765.749579,down,g
0,1753734765.819598,down,s
0,1753734765.851549,up,g
0,1753734765.917871,up,s
1,1753734887.595932,down,t
1,1753734887.686635,up,t
1,1753734887.716143,down,h
1,1753734887.803926,down,e
1,1753734887.811376,up,h
1,1753734887.868374,up,e
1,1753734887.907111,down,space
1,1753734887.963649,down,q
1,1753734887.998667,up,space
1,1753734888.053966,up,q
1,1753734888.093303,down,u
1,1753734888.150690,down,i
1,1753734888.180702,up,u
1,1753734888.230064,up,i
1,1753734888.237177,down,c
1,1753734888.317266,up,c
1,1753734888.331729,down,k
1,1753734888.405706,up,k
1,1753734888.430094,down,space
1,1753734888.501125,up,space
1,1753734888.558273,down,b
1,1753734888.629823,up,b
1,1753734888.742425,down,r
1,1753734888.822037,up,r
1,1753734888.868789,down,o
1,1753734888.919003,down,w
1,1753734888.951039,up,o
1,1753734889.004343,up,w
1,1753734889.030322,down,n
1,1753734889.108592,up,n
1,1753734889.133844,down,space
1,1753734889.203161,up,space
1,1753734889.238269,down,f
1,1753734889.315131,up,f
1,1753734889.373515,down,o
1,1753734889.468595,up,o
1,1753734889.469821,down,x
1,1753734889.565760,up,x
1,1753734889.596002,down,space
1,1753734889.676380,up,space
1,1753734889.731573,down,j
1,1753734889.805074,up,j
1,1753734889.884648,down,u
1,1753734889.942165,up,u
1,1753734890.022492,down,m
1,1753734890.086406,down,p
1,1753734890.131479,up,m
1,1753734890.158370,down,s
1,1753734890.180712,up,p
1,1753734890.237340,up,s
1,1753734890.293753,down,space
1,1753734890.317056,down,o
1,1753734890.388007,up,space
1,1753734890.452397,up,o
1,1753734890.475451,down,v
1,1753734890.548355,up,v
1,1753734890.613302,down,e
1,1753734890.685082,down,r
1,1753734890.724856,up,e
1,1753734890.767185,up,r
1,1753734890.811980,down,space
1,1753734890.869451,down,t
1,1753734890.901162,up,space
1,1753734890.949409,up,t
1,1753734890.996032,down,e
1,1753734890.997407,down,h
1,1753734891.068056,up,h
1,1753734891.101457,up,e
1,1753734891.148501,down,space
1,1753734891.244863,up,space
1,1753734891.260656,down,l
1,1753734891.339910,down,a
1,1753734891.346534,up,l
1,1753734891.411824,up,a
1,1753734891.587890,down,BackSpace
1,1753734891.661149,up,BackSpace
1,1753734891.749482,down,BackSpace
1,1753734891.828474,up,BackSpace
1,1753734891.902747,down,BackSpace
1,1753734891.989105,up,BackSpace
1,1753734892.060273,down,BackSpace
1,1753734892.148955,up,BackSpace
1,1753734892.229719,down,BackSpace
1,1753734892.317144,up,BackSpace
1,1753734892.452811,down,n
1,1753734892.459067,down,h
1,1753734892.494318,up,n
1,1753734892.517375,up,h
1,1753734892.538851,down,e
1,1753734892.602565,down,space
1,1753734892.610985,up,e
1,1753734892.676179,up,space
1,1753734892.709799,down,l
1,1753734892.789171,down,a
1,1753734892.812262,up,l
1,1753734892.837625,up,a
1,1753734892.982710,down,BackSpace
1,1753734893.068171,up,BackSpace
1,1753734893.149873,down,BackSpace
1,1753734893.229999,up,BackSpace
1,1753734893.300840,down,BackSpace
1,1753734893.396837,up,BackSpace
1,1753734893.452625,down,BackSpace
1,1753734893.547886,up,BackSpace
1,1753734893.621974,down,BackSpace
1,1753734893.709868,up,BackSpace
1,1753734893.885810,down,BackSpace
1,1753734893.987513,up,BackSpace
1,1753734894.100665,down,h
1,1753734894.174350,up,h
1,1753734894.181250,down,e
1,1753734894.260674,up,e
1,1753734894.262679,down,space
1,1753734894.331761,up,space
1,1753734894.348825,down,l
1,1753734894.429159,down,a
1,1753734894.452113,up,l
1,1753734894.510440,up,a
1,1753734894.598364,down,z
1,1753734894.645247,down,y
1,1753734894.685120,up,z
1,1753734894.732623,up,y
1,1753734894.758279,down,space
1,1753734894.821436,up,space
1,1753734894.829145,down,d
1,1753734894.901839,up,d
1,1753734894.916551,down,o
1,1753734895.003464,up,o
1,1753734895.021804,down,g
1,1753734895.101568,up,g
1,1753734897.685490,down,h
1,1753734897.783541,up,h
1,1753734898.284383,down,e
1,1753734898.334006,up,e
1,1753734898.734255,down,l
1,1753734898.805305,up,l
1,1753734898.884127,down,l
1,1753734898.966171,up,l
1,1753734899.061317,down,o
1,1753734899.138574,up,o
1,1753734899.181187,down,space
1,1753734899.285107,up,space
1,1753734899.317270,down,w
1,1753734899.373992,down,o
1,1753734899.379397,up,w
1,1753734899.452830,up,o
1,1753734899.469312,down,r
1,1753734899.533198,up,r
1,1753734899.540172,down,l
1,1753734899.618909,up,l
1,1753734899.651951,down,d
1,1753734899.732088,up,d
1,1753734901.965496,down,p
1,1753734902.069390,up,p
1,1753734902.083117,down,a
1,1753734902.125235,down,c
1,1753734902.154838,up,a
1,1753734902.238328,up,c
1,1753734902.240785,down,k
1,1753734902.309426,up,k
1,1753734902.356098,down,space
1,1753734902.446306,down,m
1,1753734902.460852,up,space
1,1753734902.516399,up,m
1,1753734902.619761,down,y
1,1753734902.691549,up,y
1,1753734902.725652,down,space
1,1753734902.797294,up,space
1,1753734902.827225,down,b
1,1753734902.883609,down,o
1,1753734902.890524,up,b
1,1753734902.981534,up,o
1,1753734903.013084,down,x
1,1753734903.092237,down,space
1,1753734903.109460,up,x
1,1753734903.171500,up,space
1,1753734903.213313,down,w
1,1753734903.277269,up,w
1,1753734903.292718,down,i
1,1753734903.372319,up,i
1,1753734903.390245,down,t
1,1753734903.469690,up,t
1,1753734903.471936,down,h
1,1753734903.533567,up,h
1,1753734903.548935,down,space
1,1753734903.612186,up,space
1,1753734903.636022,down,f
1,1753734903.676921,up,f
1,1753734903.716818,down,i
1,1753734903.794955,up,i
1,1753734903.802982,down,v
1,1753734903.892647,down,e
1,1753734903.900084,up,v
1,1753734903.963409,up,e
1,1753734903.981679,down,space
1,1753734904.062697,up,space
1,1753734904.108650,down,d
1,1753734904.196898,up,d
1,1753734904.219809,down,o
1,1753734904.325712,up,o
1,1753734904.389809,down,z
1,1753734904.470656,up,z
1,1753734904.518122,down,e
1,1753734904.597038,up,e
1,1753734904.710299,down,n
1,1753734904.797235,up,n
1,1753734904.862043,down,space
1,1753734904.932274,up,space
1,1753734904.980088,down,l
1,1753734905.061630,up,l
1,1753734905.125133,down,i
1,1753734905.219160,up,i
1,1753734905.235739,down,q
1,1753734905.306913,up,q
1,1753734905.388954,down,u
1,1753734905.476324,up,u
1,1753734905.516258,down,o
1,1753734905.603567,up,o
1,1753734905.740373,down,r
1,1753734905.826759,up,r
1,1753734905.909680,down,space
1,1753734905.972278,up,space
1,1753734906.075988,down,j
1,1753734906.155412,up,j
1,1753734906.236502,down,u
1,1753734906.291864,down,g
1,1753734906.309195,up,u
1,1753734906.379863,down,s
1,1753734906.396973,up,g
1,1753734906.451505,up,s
1,1753734943.339066,down,t
1,1753734943.428912,up,t
1,1753734943.460477,down,h
1,1753734943.539885,up,h
1,1753734943.546450,down,e
1,1753734943.611441,up,e
1,1753734943.654036,down,space
1,1753734943.724795,down,q
1,1753734943.730551,up,space
1,1753734943.810311,up,q
1,1753734943.843516,down,u
1,1753734943.908705,down,i
1,1753734943.939905,up,u
1,1753734943.954497,down,c
1,1753734943.972857,up,i
1,1753734944.054931,up,c
1,1753734944.067283,down,k
1,1753734944.162744,up,k
1,1753734944.170540,down,space
1,1753734944.247052,up,space
1,1753734944.267056,down,b
1,1753734944.341388,up,b
1,1753734944.451766,down,r
1,1753734944.523946,up,r
1,1753734944.562929,down,o
1,1753734944.628492,down,w
1,1753734944.636603,up,o
1,1753734944.725270,up,w
1,1753734944.739154,down,n
1,1753734944.827478,up,n
1,1753734944.845586,down,space
1,1753734944.932033,up,space
1,1753734944.956057,down,f
1,1753734945.037942,up,f
1,1753734945.044409,down,o
1,1753734945.131871,up,o
1,1753734945.165642,down,x
1,1753734945.253634,up,x
1,1753734945.276008,down,space
1,1753734945.354756,up,space
1,1753734945.388684,down,j
1,1753734945.467344,up,j
1,1753734945.547598,down,u
1,1753734945.595705,up,u
1,1753734945.701064,down,m
1,1753734945.765089,down,p
1,1753734945.803845,up,m
1,1753734945.875363,up,p
1,1753734945.876801,down,s
1,1753734945.932678,up,s
1,1753734945.955438,down,space
1,1753734946.012111,down,o
1,1753734946.043391,up,space
1,1753734946.107832,up,o
1,1753734946.131547,down,v
1,1753734946.213898,up,v
1,1753734946.268619,down,e
1,1753734946.338833,up,e
1,1753734946.362889,down,r
1,1753734946.461072,up,r
1,1753734946.483063,down,space
1,1753734946.553974,up,space
1,1753734946.579435,down,t
1,1753734946.653001,up,t
1,1753734946.666957,down,h
1,1753734946.706780,down,e
1,1753734946.738428,up,h
1,1753734946.802697,up,e
1,1753734946.818899,down,space
1,1753734946.915189,up,space
1,1753734946.916090,down,l
1,1753734946.962353,down,a
1,1753734947.010767,up,l
1,1753734947.026043,up,a
1,1753734947.131962,down,z
1,1753734947.210652,down,y
1,1753734947.219141,up,z
1,1753734947.291196,up,y
1,1753734947.299383,down,space
1,1753734947.355062,down,d
1,1753734947.363701,up,space
1,1753734947.419466,up,d
1,1753734947.461101,down,o
1,1753734947.539637,up,o
1,1753734947.547085,down,g
1,1753734947.627891,up,g
1,1753734949.806961,down,h
1,1753734949.884045,up,h
1,1753734949.885661,down,e
1,1753734949.948517,up,e
1,1753734950.012555,down,l
1,1753734950.093026,up,l
1,1753734950.156783,down,l
1,1753734950.227497,up,l
1,1753734950.315642,down,o
1,1753734950.399349,up,o
1,1753734950.420089,down,space
1,1753734950.499178,up,space
1,1753734950.506361,down,w
1,1753734950.571948,up,w
1,1753734950.573577,down,o
1,1753734950.635942,up,o
1,1753734950.660862,down,r
1,1753734950.715766,up,r
1,1753734950.748031,down,l
1,1753734950.812363,up,l
1,1753734950.819802,down,d
1,1753734950.906902,up,d
1,1753734953.220642,down,p
1,1753734953.323028,down,a
1,1753734953.330930,up,p
1,1753734953.403718,down,c
1,1753734953.411171,up,a
1,1753734953.500791,down,k
1,1753734953.505718,up,c
1,1753734953.596923,up,k
1,1753734953.661715,down,space
1,1753734953.756571,up,space
1,1753734953.770453,down,m
1,1753734953.851934,up,m
1,1753734953.989446,down,y
1,1753734954.060688,up,y
1,1753734954.115402,down,space
1,1753734954.199995,up,space
1,1753734954.323703,down,b
1,1753734954.404488,up,b
1,1753734954.443135,down,o
1,1753734954.532531,up,o
1,1753734954.563977,down,x
1,1753734954.637927,down,space
1,1753734954.651289,up,x
1,1753734954.700186,up,space
1,1753734954.756304,down,w
1,1753734954.837187,up,w
1,1753734954.843056,down,i
1,1753734954.915183,up,i
1,1753734954.949968,down,t
1,1753734955.003834,down,h
1,1753734955.027384,up,t
1,1753734955.091973,up,h
1,1753734955.099432,down,space
1,1753734955.172553,up,space
1,1753734955.179106,down,f
1,1753734955.251852,up,f
1,1753734955.268905,down,i
1,1753734955.350960,up,i
1,1753734955.357079,down,v
1,1753734955.427967,down,e
1,1753734955.442919,up,v
1,1753734955.499334,up,e
1,1753734955.500712,down,space
1,1753734955.571485,up,space
1,1753734955.613388,down,d
1,1753734955.698639,up,d
1,1753734955.715385,down,o
1,1753734955.812279,up,o
1,1753734955.820600,down,z
1,1753734955.899391,up,z
1,1753734955.923401,down,e
1,1753734956.013160,up,e
1,1753734956.051524,down,n
1,1753734956.131651,up,n
1,1753734956.163648,down,space
1,1753734956.250756,down,l
1,1753734956.267327,up,space
1,1753734956.349049,up,l
1,1753734956.428080,down,i
1,1753734956.516089,up,i
1,1753734956.669116,down,q
1,1753734956.756824,up,q
1,1753734956.795119,down,u
1,1753734956.884865,up,u
1,1753734956.886677,down,o
1,1753734956.963574,up,o
1,1753734957.034760,down,r
1,1753734957.123275,up,r
1,1753734957.163499,down,space
1,1753734957.243702,up,space
1,1753734957.348923,down,j
1,1753734957.422498,up,j
1,1753734957.500774,down,u
1,1753734957.557716,down,g
1,1753734957.579231,up,u
1,1753734957.619365,down,s
1,1753734957.642989,up,g
1,1753734957.698858,up,s
0,1753735012.138938,down,t
0,1753735012.211413,up,t
0,1753735012.915233,down,h
0,1753735012.988472,up,h
0,1753735013.716485,down,e
0,1753735013.779155,up,e
0,1753735014.514831,down,space
0,1753735014.579239,up,space
0,1753735015.348545,down,q
0,1753735015.412878,up,q
0,1753735016.092093,down,u
0,1753735016.170611,up,u
0,1753735016.905993,down,i
0,1753735016.979436,up,i
0,1753735017.741636,down,c
0,1753735017.804529,up,c
0,1753735018.506759,down,k
0,1753735018.579630,up,k
0,1753735019.314062,down,space
0,1753735019.386417,up,space
0,1753735020.090916,down,b
0,1753735020.171675,up,b
0,1753735020.879759,down,r
0,1753735020.938386,up,r
0,1753735021.628750,down,o
0,1753735021.707663,up,o
0,1753735022.372101,down,w
0,1753735022.459356,up,w
0,1753735023.123334,down,n
0,1753735023.202928,up,n
0,1753735023.851650,down,space
0,1753735023.932177,up,space
0,1753735024.587500,down,f
0,1753735024.653275,up,f
0,1753735025.283848,down,o
0,1753735025.357330,up,o
0,1753735026.067369,down,x
0,1753735026.122964,up,x
0,1753735026.781731,down,space
0,1753735026.846126,up,space
0,1753735027.539562,down,j
0,1753735027.612705,up,j
0,1753735028.308803,down,u
0,1753735028.365171,up,u
0,1753735028.994782,down,m
0,1753735029.066960,up,m
0,1753735029.738218,down,p
0,1753735029.803133,up,p
0,1753735030.453564,down,s
0,1753735030.524096,up,s
0,1753735031.201624,down,space
0,1753735031.276503,up,space
0,1753735031.882059,down,o
0,1753735031.946748,up,o
0,1753735032.636356,down,v
0,1753735032.699316,up,v
0,1753735033.322560,down,e
0,1753735033.387779,up,e
0,1753735033.972228,down,r
0,1753735034.045186,up,r
0,1753735034.708336,down,space
0,1753735034.796090,up,space
0,1753735035.402969,down,t
0,1753735035.477740,up,t
0,1753735036.117967,down,h
0,1753735036.189623,up,h
0,1753735036.853742,down,e
0,1753735036.917944,up,e
0,1753735037.588406,down,space
0,1753735037.653934,up,space
0,1753735038.346344,down,l
0,1753735038.411935,up,l
0,1753735040.136560,down,a
0,1753735040.149338,up,a
0,1753735040.155262,down,a
0,1753735040.163246,up,a
0,1753735040.978848,down,BackSpace
0,1753735041.068824,up,BackSpace
0,1753735041.677196,down,z
0,1753735041.762495,up,z
0,1753735042.396875,down,y
0,1753735042.468297,up,y
0,1753735043.123878,down,space
0,1753735043.203969,up,space
0,1753735043.804732,down,d
0,1753735043.868134,up,d
0,1753735044.549356,down,o
0,1753735044.619668,up,o
0,1753735045.276927,down,g
0,1753735045.332937,up,g
0,1753735048.698572,down,h
0,1753735048.757319,up,h
0,1753735049.478189,down,e
0,1753735049.537830,up,e
0,1753735050.179754,down,l
0,1753735050.258986,up,l
0,1753735050.859419,down,l
0,1753735050.949279,up,l
0,1753735051.548133,down,o
0,1753735051.620667,up,o
0,1753735052.236740,down,space
0,1753735052.315027,up,space
0,1753735052.948412,down,w
0,1753735053.028104,up,w
0,1753735053.634427,down,o
0,1753735053.714595,up,o
0,1753735054.318286,down,r
0,1753735054.395229,up,r
0,1753735054.949894,down,l
0,1753735055.021011,up,l
0,1753735055.628184,down,d
0,1753735055.701315,up,d
1,1753735342.858008,down,t
1,1753735342.953673,up,t
1,1753735343.027176,down,h
1,1753735343.091494,down,e
1,1753735343.115396,up,h
1,1753735343.155139,up,e
1,1753735343.210570,down,space
1,1753735343.265558,down,q
1,1753735343.297659,up,space
1,1753735343.352641,up,q
1,1753735343.385371,down,u
1,1753735343.450492,down,i
1,1753735343.482291,up,u
1,1753735343.522009,up,i
1,1753735343.523410,down,c
1,1753735343.593399,up,c
1,1753735343.608344,down,k
1,1753735343.699310,up,k
1,1753735343.706472,down,space
1,1753735343.753333,down,b
1,1753735343.778111,up,space
1,1753735343.819134,up,b
1,1753735343.936848,down,r
1,1753735344.009628,up,r
1,1753735344.043107,down,o
1,1753735344.113907,down,w
1,1753735344.128791,up,o
1,1753735344.201523,up,w
1,1753735344.233686,down,n
1,1753735344.298043,up,n
1,1753735344.329088,down,space
1,1753735344.401287,up,space
1,1753735344.409754,down,f
1,1753735344.472502,up,f
1,1753735344.498694,down,o
1,1753735344.587339,down,x
1,1753735344.602298,up,o
1,1753735344.681829,up,x
1,1753735344.689887,down,space
1,1753735344.779316,up,space
1,1753735344.817636,down,j
1,1753735344.889035,up,j
1,1753735344.978328,down,u
1,1753735345.017404,up,u
1,1753735345.129032,down,m
1,1753735345.200921,down,p
1,1753735345.244542,up,m
1,1753735345.291577,down,s
1,1753735345.306607,up,p
1,1753735345.362401,up,s
1,1753735345.393878,down,space
1,1753735345.444304,down,o
1,1753735345.474049,up,space
1,1753735345.523142,down,v
1,1753735345.545102,up,o
1,1753735345.601857,up,v
1,1753735345.664322,down,e
1,1753735345.739029,down,r
1,1753735345.778230,up,e
1,1753735345.833000,up,r
1,1753735345.873264,down,space
1,1753735345.945243,down,t
1,1753735345.952262,up,space
1,1753735346.016772,up,t
1,1753735346.043552,down,h
1,1753735346.073650,down,e
1,1753735346.114493,up,h
1,1753735346.177585,up,e
1,1753735346.193685,down,space
1,1753735346.250795,down,l
1,1753735346.281822,up,space
1,1753735346.340064,down,a
1,1753735346.371161,up,l
1,1753735346.417206,up,a
1,1753735346.516077,down,z
1,1753735346.610109,up,z
1,1753735346.610919,down,y
1,1753735346.674904,up,y
1,1753735346.696521,down,space
1,1753735346.769497,up,space
1,1753735346.770380,down,d
1,1753735346.856014,up,d
1,1753735346.889966,down,o
1,1753735346.962344,down,g
1,1753735346.970000,up,o
1,1753735347.043735,up,g
1,1753735349.729085,down,h
1,1753735349.810736,up,h
1,1753735349.843883,down,e
1,1753735349.907310,up,e
1,1753735349.946727,down,l
1,1753735350.033860,up,l
1,1753735350.097666,down,l
1,1753735350.179567,up,l
1,1753735350.266764,down,o
1,1753735350.340236,up,o
1,1753735350.361808,down,space
1,1753735350.433416,up,space
1,1753735350.440334,down,w
1,1753735350.522934,down,o
1,1753735350.529198,up,w
1,1753735350.603686,up,o
1,1753735350.610402,down,r
1,1753735350.659127,up,r
1,1753735350.699894,down,l
1,1753735350.762388,down,d
1,1753735350.770329,up,l
1,1753735350.834657,up,d
1,1753735353.625718,down,p
1,1753735353.722851,up,p
1,1753735353.728608,down,a
1,1753735353.769234,down,c
1,1753735353.800476,up,a
1,1753735353.859350,down,k
1,1753735353.872802,up,c
1,1753735353.953712,up,k
1,1753735353.994854,down,space
1,1753735354.080778,up,space
1,1753735354.113385,down,m
1,1753735354.201994,up,m
1,1753735354.314046,down,y
1,1753735354.385760,up,y
1,1753735354.417449,down,space
1,1753735354.488445,up,space
1,1753735354.523005,down,b
1,1753735354.578060,up,b
1,1753735354.594561,down,o
1,1753735354.688833,up,o
1,1753735354.690709,down,x
1,1753735354.769657,up,x
1,1753735354.794422,down,space
1,1753735354.850987,up,space
1,1753735354.968918,down,w
1,1753735355.066460,up,w
1,1753735355.105061,down,i
1,1753735355.187318,up,i
1,1753735355.194043,down,t
1,1753735355.273932,up,t
1,1753735355.275990,down,h
1,1753735355.345841,up,h
1,1753735355.369720,down,space
1,1753735355.440657,up,space
1,1753735355.522584,down,f
1,1753735355.594671,up,f
1,1753735355.624813,down,i
1,1753735355.713673,up,i
1,1753735355.720720,down,v
1,1753735355.794112,down,e
1,1753735355.810777,up,v
1,1753735355.864044,up,e
1,1753735355.872435,down,space
1,1753735355.955276,up,space
1,1753735355.994742,down,d
1,1753735356.081383,up,d
1,1753735356.088434,down,o
1,1753735356.185998,up,o
1,1753735356.201747,down,z
1,1753735356.273401,down,e
1,1753735356.280999,up,z
1,1753735356.362470,up,e
1,1753735356.387163,down,n
1,1753735356.459914,up,n
1,1753735356.489429,down,space
1,1753735356.553612,up,space
1,1753735356.594804,down,l
1,1753735356.697233,up,l
1,1753735356.768806,down,i
1,1753735356.860323,up,i
1,1753735356.923420,down,q
1,1753735357.001678,up,q
1,1753735357.060005,down,u
1,1753735357.161418,up,u
1,1753735357.178187,down,o
1,1753735357.260087,up,o
1,1753735357.361228,down,r
1,1753735357.458468,up,r
1,1753735357.496208,down,space
1,1753735357.586021,up,space
1,1753735357.650597,down,j
1,1753735357.722222,up,j
1,1753735357.810486,down,u
1,1753735357.858901,down,g
1,1753735357.875050,up,u
1,1753735357.929165,down,s
1,1753735357.954422,up,g
1,1753735358.017534,up,s
1,1753735749.533692,down,t
1,1753735749.606860,down,h
1,1753735749.623083,up,t
1,1753735749.694758,up,h
1,1753735749.749307,down,e
1,1753735749.815907,up,e
1,1753735749.852092,down,space
1,1753735749.942292,up,space
1,1753735749.966542,down,q
1,1753735750.044951,up,q
1,1753735750.059877,down,u
1,1753735750.134155,down,i
1,1753735750.172965,up,u
1,1753735750.197925,up,i
1,1753735750.236957,down,c
1,1753735750.324197,up,c
1,1753735750.333921,down,k
1,1753735750.423217,up,k
1,1753735750.437379,down,space
1,1753735750.524717,up,space
1,1753735750.539355,down,b
1,1753735750.596048,up,b
1,1753735750.725083,down,r
1,1753735750.797003,up,r
1,1753735750.829275,down,o
1,1753735750.885265,down,w
1,1753735750.916980,up,o
1,1753735750.973053,up,w
1,1753735751.003667,down,n
1,1753735751.094914,up,n
1,1753735751.097179,down,space
1,1753735751.182062,up,space
1,1753735751.188261,down,f
1,1753735751.252846,up,f
1,1753735751.285992,down,o
1,1753735751.381073,down,x
1,1753735751.387666,up,o
1,1753735751.460154,down,space
1,1753735751.468679,up,x
1,1753735751.550368,up,space
1,1753735751.612950,down,j
1,1753735751.691309,up,j
1,1753735751.772547,down,u
1,1753735751.837441,up,u
1,1753735751.951671,down,m
1,1753735752.004082,down,p
1,1753735752.068399,up,m
1,1753735752.116809,down,s
1,1753735752.123304,up,p
1,1753735752.189471,up,s
1,1753735752.252783,down,space
1,1753735752.318345,up,space
1,1753735752.437392,down,o
1,1753735752.542644,up,o
1,1753735752.580253,down,v
1,1753735752.660468,up,v
1,1753735752.741051,down,e
1,1753735752.830248,down,r
1,1753735752.860313,up,e
1,1753735752.909294,up,r
1,1753735752.948360,down,space
1,1753735752.995859,up,space
1,1753735753.029596,down,t
1,1753735753.110736,up,t
1,1753735753.115979,down,h
1,1753735753.188343,down,e
1,1753735753.203431,up,h
1,1753735753.276694,up,e
1,1753735753.395735,down,space
1,1753735753.459800,up,space
1,1753735753.539943,down,l
1,1753735753.621909,down,a
1,1753735753.652684,up,l
1,1753735753.693037,up,a
1,1753735753.796563,down,z
1,1753735753.894343,up,z
1,1753735753.909831,down,y
1,1753735753.973954,up,y
1,1753735753.982011,down,space
1,1753735754.045561,up,space
1,1753735754.047665,down,d
1,1753735754.124689,up,d
1,1753735754.159167,down,o
1,1753735754.238882,up,o
1,1753735754.260898,down,g
1,1753735754.324893,up,g
1,1753735757.107399,down,h
1,1753735757.196066,up,h
1,1753735757.211995,down,e
1,1753735757.285528,up,e
1,1753735757.348445,down,l
1,1753735757.437300,up,l
1,1753735757.518419,down,l
1,1753735757.622630,up,l
1,1753735757.711055,down,o
1,1753735757.822146,up,o
1,1753735757.886869,down,space
1,1753735757.974129,up,space
1,1753735758.053687,down,w
1,1753735758.124081,up,w
1,1753735758.131611,down,o
1,1753735758.211878,up,o
1,1753735758.228356,down,r
1,1753735758.295331,up,r
1,1753735758.324706,down,l
1,1753735758.404878,up,l
1,1753735758.406021,down,d
1,1753735758.494841,up,d
1,1753735760.695466,down,p
1,1753735760.788766,down,a
1,1753735760.803974,up,p
1,1753735760.868104,down,c
1,1753735760.884159,up,a
1,1753735760.948132,down,k
1,1753735760.965823,up,c
1,1753735761.046427,up,k
1,1753735761.111060,down,space
1,1753735761.182148,up,space
1,1753735761.275971,down,m
1,1753735761.356470,up,m
1,1753735761.462619,down,y
1,1753735761.540235,up,y
1,1753735761.566182,down,space
1,1753735761.653460,up,space
1,1753735761.711259,down,b
1,1753735761.757708,up,b
1,1753735761.766292,down,o
1,1753735761.867463,up,o
1,1753735761.875939,down,x
1,1753735761.955804,down,space
1,1753735761.962737,up,x
1,1753735762.028028,up,space
1,1753735762.061602,down,w
1,1753735762.133607,up,w
1,1753735762.140801,down,i
1,1753735762.212159,up,i
1,1753735762.254939,down,t
1,1753735762.309596,down,h
1,1753735762.332723,up,t
1,1753735762.391405,up,h
1,1753735762.398751,down,space
1,1753735762.476245,up,space
1,1753735762.494313,down,f
1,1753735762.556162,up,f
1,1753735762.597803,down,i
1,1753735762.677002,down,v
1,1753735762.704115,up,i
1,1753735762.764663,down,e
1,1753735762.773470,up,v
1,1753735762.846293,up,e
1,1753735762.861183,down,space
1,1753735762.941072,up,space
1,1753735763.038907,down,z
1,1753735763.076524,up,z
1,1753735763.318829,down,BackSpace
1,1753735763.413511,up,BackSpace
1,1753735763.455529,down,d
1,1753735763.534536,up,d
1,1753735763.540385,down,o
1,1753735763.629374,up,o
1,1753735763.676350,down,z
1,1753735763.756199,up,z
1,1753735763.798644,down,e
1,1753735763.877324,up,e
1,1753735763.982430,down,n
1,1753735764.055979,up,n
1,1753735764.084853,down,space
1,1753735764.157182,up,space
1,1753735764.557029,down,l
1,1753735764.627789,up,l
1,1753735764.699617,down,i
1,1753735764.780305,up,i
1,1753735764.789899,down,q
1,1753735764.876491,up,q
1,1753735764.899480,down,u
1,1753735764.996602,down,o
1,1753735764.998418,down,0
1,1753735765.011943,up,u
1,1753735765.053188,up,0
1,1753735765.068799,up,o
1,1753735765.142679,down,r
1,1753735765.219764,up,r
1,1753735765.235911,down,space
1,1753735765.308609,up,space
1,1753735765.428293,down,j
1,1753735765.508716,up,j
1,1753735765.727132,down,BackSpace
1,1753735765.806319,up,BackSpace
1,1753735765.883972,down,BackSpace
1,1753735765.973036,up,BackSpace
1,1753735766.046116,down,BackSpace
1,1753735766.141290,up,BackSpace
1,1753735766.214629,down,BackSpace
1,1753735766.317945,up,BackSpace
1,1753735766.390614,down,r
1,1753735766.477691,up,r
1,1753735766.479665,down,space
1,1753735766.548295,up,space
1,1753735766.580950,down,j
1,1753735766.662449,up,j
1,1753735766.748191,down,u
1,1753735766.819574,up,u
1,1753735766.827713,down,g
1,1753735766.900905,down,s
1,1753735766.926735,up,g
1,1753735766.983105,up,s
0,1753735778.951474,down,t
0,1753735779.022079,up,t
0,1753735779.692013,down,h
0,1753735779.750710,up,h
0,1753735780.460280,down,e
0,1753735780.508444,up,e
0,1753735781.301040,down,space
0,1753735781.358246,up,space
0,1753735782.086278,down,q
0,1753735782.151196,up,q
0,1753735782.836819,down,u
0,1753735782.901163,up,u
0,1753735783.580711,down,i
0,1753735783.644909,up,i
0,1753735784.366340,down,c
0,1753735784.438234,up,c
0,1753735785.148015,down,k
0,1753735785.211697,up,k
0,1753735785.860008,down,space
0,1753735785.933481,up,space
0,1753735786.228813,down,b
0,1753735786.302192,up,b
0,1753735787.012178,down,r
0,1753735787.086298,up,r
0,1753735787.775128,down,o
0,1753735787.845891,up,o
0,1753735788.510796,down,w
0,1753735788.589010,up,w
0,1753735789.239079,down,n
0,1753735789.294424,up,n
0,1753735789.982287,down,space
0,1753735790.061926,up,space
0,1753735790.692507,down,f
0,1753735790.766176,up,f
0,1753735791.412138,down,o
0,1753735791.484242,up,o
0,1753735792.254469,down,x
0,1753735792.302364,up,x
0,1753735792.981975,down,space
0,1753735793.070368,up,space
0,1753735793.772704,down,j
0,1753735793.845941,up,j
0,1753735794.517601,down,u
0,1753735794.597080,up,u
0,1753735795.231512,down,m
0,1753735795.302243,up,m
0,1753735796.020384,down,p
0,1753735796.092502,up,p
0,1753735796.719382,down,s
0,1753735796.790801,up,s
0,1753735797.397730,down,space
0,1753735797.461517,up,space
0,1753735798.133628,down,o
0,1753735798.198042,up,o
0,1753735798.891571,down,v
0,1753735798.955705,up,v
0,1753735799.660574,down,e
0,1753735799.724154,up,e
0,1753735800.380760,down,r
0,1753735800.427845,up,r
0,1753735801.172658,down,space
0,1753735801.244711,up,space
0,1753735801.900415,down,t
0,1753735801.964521,up,t
0,1753735802.604730,down,h
0,1753735802.684138,up,h
0,1753735803.285117,down,e
0,1753735803.349463,up,e
0,1753735803.972167,down,space
0,1753735804.036233,up,space
0,1753735804.486708,down,l
0,1753735804.613075,up,l
0,1753735805.028820,down,a
0,1753735805.148174,up,a
0,1753735805.715764,down,z
0,1753735805.799308,up,z
0,1753735807.130594,down,y
0,1753735807.132321,up,y
0,1753735807.139232,down,space
0,1753735807.149338,up,space
0,1753735807.828728,down,d
0,1753735807.884826,up,d
0,1753735808.556106,down,o
0,1753735808.628444,up,o
0,1753735809.284418,down,g
0,1753735809.347507,up,g
0,1753735812.661645,down,h
0,1753735812.725570,up,h
0,1753735813.406628,down,e
0,1753735813.461692,up,e
0,1753735814.091860,down,l
0,1753735814.172656,up,l
0,1753735814.779430,down,l
0,1753735814.852639,up,l
0,1753735815.492215,down,o
0,1753735815.547980,up,o
0,1753735816.206197,down,space
0,1753735816.284413,up,space
0,1753735816.926276,down,w
0,1753735817.005780,up,w
0,1753735817.678165,down,o
0,1753735817.743429,up,o
0,1753735818.406259,down,r
0,1753735818.486194,up,r
0,1753735819.180547,down,l
0,1753735819.246379,up,l
0,1753735819.925055,down,d
0,1753735819.987811,up,d
0,1753735823.588326,down,p
0,1753735823.659931,up,p
0,1753735824.317007,down,a
0,1753735824.414019,up,a
0,1753735825.060649,down,c
0,1753735825.133858,up,c
0,1753735825.876653,down,k
0,1753735825.932275,up,k
0,1753735826.589022,down,space
0,1753735826.651100,up,space
0,1753735827.267668,down,m
0,1753735827.324104,up,m
0,1753735828.038657,down,y
0,1753735828.100465,up,y
0,1753735828.806449,down,space
0,1753735828.885247,up,space
0,1753735829.532428,down,b
0,1753735829.596425,up,b
0,1753735830.324368,down,o
0,1753735830.397326,up,o
0,1753735831.076197,down,x
0,1753735831.139613,up,x
0,1753735831.820668,down,space
0,1753735831.893870,up,space
0,1753735832.531635,down,w
0,1753735832.595745,up,w
0,1753735833.348042,down,i
0,1753735833.411597,up,i
0,1753735834.115947,down,t
0,1753735834.180858,up,t
0,1753735834.875948,down,h
0,1753735834.948260,up,h
0,1753735835.638032,down,space
0,1753735835.709548,up,space
0,1753735836.371704,down,f
0,1753735836.454812,up,f
0,1753735837.165681,down,i
0,1753735837.219598,up,i
0,1753735837.939934,down,v
0,1753735838.012985,up,v
0,1753735838.684109,down,w
0,1753735838.686289,down,e
0,1753735838.740607,up,w
0,1753735838.747648,up,e
0,1753735839.525412,down,BackSpace
0,1753735839.620740,up,BackSpace
0,1753735839.710586,down,BackSpace
0,1753735839.804952,up,BackSpace
0,1753735840.268099,down,e
0,1753735840.339897,up,e
0,1753735840.983967,down,space
0,1753735841.053677,up,space
0,1753735841.733827,down,d
0,1753735841.790761,up,d
0,1753735842.540712,down,o
0,1753735842.580800,up,o
0,1753735843.264248,down,z
0,1753735843.340738,up,z
0,1753735843.957328,down,e
0,1753735844.028124,up,e
0,1753735844.781449,down,n
0,1753735844.851658,up,n
0,1753735845.534377,down,space
0,1753735845.598376,up,space
0,1753735846.270386,down,l
0,1753735846.348196,up,l
0,1753735847.021406,down,i
0,1753735847.084759,up,i
0,1753735847.734564,down,q
0,1753735847.805891,up,q
0,1753735848.436904,down,u
0,1753735848.517285,up,u
0,1753735849.108074,down,o
0,1753735849.157368,up,o
0,1753735849.844411,down,r
0,1753735849.908362,up,r
0,1753735850.532480,down,space
0,1753735850.595978,up,space
0,1753735851.315579,down,j
0,1753735851.396468,up,j
0,1753735852.022188,down,u
0,1753735852.059788,up,u
0,1753735852.772581,down,g
0,1753735852.835934,up,g
0,1753735853.549823,down,s
0,1753735853.613176,up,s
0,1753805412.565799,down,t
0,1753805412.680730,down,h
0,1753805412.695014,up,t
0,1753805412.786005,up,h
0,1753805412.804882,down,e
0,1753805412.943455,down,space
0,1753805413.045028,up,e
0,1753805413.118805,up,space
0,1753805413.227445,down,q
0,1753805413.362039,up,q
0,1753805413.387831,down,u
0,1753805413.483033,down,i
0,1753805413.508806,up,u
0,1753805413.641630,up,i
0,1753805413.822739,down,c
0,1753805413.939498,up,c
0,1753805413.986947,down,k
0,1753805414.123682,up,k
0,1753805414.167148,down,space
0,1753805414.306444,up,space
0,1753805414.425523,down,b
0,1753805414.511196,up,b
0,1753805414.650332,down,r
0,1753805414.765572,up,r
0,1753805414.794892,down,o
0,1753805414.916988,up,o
0,1753805414.932660,down,w
0,1753805415.036537,up,w
0,1753805415.052480,down,n
0,1753805415.140856,up,n
0,1753805415.155857,down,space
0,1753805415.308529,up,space
0,1753805415.426971,down,f
0,1753805415.548464,up,f
0,1753805415.564084,down,o
0,1753805415.683223,up,o
0,1753805415.728203,down,x
0,1753805415.893966,up,x
0,1753805415.908884,down,space
0,1753805416.059294,up,space
0,1753805416.073759,down,j
0,1753805416.147742,up,j
0,1753805416.192934,down,u
0,1753805416.281032,up,u
0,1753805416.359326,down,m
0,1753805416.448044,up,m
0,1753805416.465031,down,p
0,1753805416.581335,down,s
0,1753805416.598303,up,p
0,1753805416.688333,down,space
0,1753805416.780074,up,s
0,1753805416.851953,up,space
0,1753805416.943858,down,o
0,1753805417.047430,up,o
0,1753805417.093467,down,v
0,1753805417.197625,up,v
0,1753805417.273171,down,e
0,1753805417.318273,down,r
0,1753805417.378851,up,e
0,1753805417.426783,down,space
0,1753805417.468601,up,r
0,1753805417.545472,down,t
0,1753805417.564172,up,space
0,1753805417.649328,up,t
0,1753805417.664852,down,h
0,1753805417.690474,down,e
0,1753805417.736599,up,h
0,1753805417.794599,down,space
0,1753805417.869736,up,e
0,1753805417.947010,up,space
0,1753805418.112169,down,l
0,1753805418.200336,up,l
0,1753805418.747782,down,z
0,1753805418.836913,up,z
0,1753805419.344364,down,BackSpace
0,1753805419.464023,up,BackSpace
0,1753805419.483033,down,a
0,1753805419.581893,up,a
0,1753805419.734395,down,z
0,1753805419.835669,up,z
0,1753805419.884929,down,y
0,1753805419.897838,down,t
0,1753805419.925702,up,t
0,1753805419.940708,up,y
0,1753805420.139237,down,space
0,1753805420.303591,up,space
0,1753805420.481369,down,BackSpace
0,1753805420.708471,up,BackSpace
0,1753805420.964649,down,BackSpace
0,1753805421.080611,up,BackSpace
0,1753805421.353727,down,space
0,1753805421.473498,up,space
0,1753805421.487155,down,d
0,1753805421.577626,down,o
0,1753805421.592302,up,d
0,1753805421.681107,up,o
0,1753805421.727594,down,g
0,1753805421.848618,up,g
0,1753805429.861832,down,h
0,1753805429.967219,up,h
0,1753805430.112897,down,e
0,1753805430.247785,up,e
0,1753805430.445146,down,l
0,1753805430.535525,up,l
0,1753805430.581635,down,l
0,1753805430.668390,up,l
0,1753805430.742952,down,o
0,1753805430.848851,up,o
0,1753805430.967636,down,space
0,1753805431.099853,up,space
0,1753805431.146104,down,w
0,1753805431.219823,down,o
0,1753805431.249885,up,w
0,1753805431.346991,up,o
0,1753805431.355419,down,r
0,1753805431.449305,down,l
0,1753805431.465250,up,r
0,1753805431.579084,up,l
0,1753805431.610585,down,d
0,1753805431.745155,up,d
0,1753805434.732845,down,p
0,1753805434.867500,up,p
0,1753805434.957683,down,a
0,1753805435.065925,up,a
0,1753805435.137007,down,c
0,1753805435.230351,down,k
0,1753805435.272062,up,c
0,1753805435.332739,up,k
0,1753805435.408906,down,space
0,1753805435.540834,up,space
0,1753805435.614490,down,m
0,1753805435.691337,up,m
0,1753805435.796766,down,y
0,1753805435.906465,up,y
0,1753805435.963337,down,space
0,1753805436.079622,up,space
0,1753805436.217565,down,b
0,1753805436.322856,up,b
0,1753805436.336827,down,o
0,1753805436.441734,up,o
0,1753805436.503910,down,x
0,1753805436.621277,up,x
0,1753805436.637465,down,space
0,1753805436.771982,up,space
0,1753805436.909102,down,w
0,1753805436.982841,up,w
0,1753805437.195361,down,i
0,1753805437.311199,up,i
0,1753805437.654949,down,t
0,1753805437.747131,up,t
0,1753805437.768721,down,h
0,1753805437.837742,up,h
0,1753805437.896691,down,space
0,1753805438.002440,up,space
0,1753805438.121231,down,f
0,1753805438.210820,down,i
0,1753805438.225330,up,f
0,1753805438.315772,up,i
0,1753805438.365143,down,v
0,1753805438.469359,up,v
0,1753805438.560266,down,e
0,1753805438.693796,down,space
0,1753805438.751419,up,e
0,1753805438.830298,up,space
0,1753805438.874379,down,d
0,1753805438.979614,down,o
0,1753805438.994582,up,d
0,1753805439.083736,up,o
0,1753805439.279592,down,z
0,1753805439.397492,up,z
0,1753805439.485323,down,e
0,1753805439.577546,up,e
0,1753805439.592680,down,n
0,1753805439.699001,up,n
0,1753805439.712378,down,space
0,1753805439.848411,up,space
0,1753805439.983867,down,l
0,1753805440.086533,up,l
0,1753805440.176501,down,i
0,1753805440.281009,up,i
0,1753805440.372434,down,q
0,1753805440.477595,up,q
0,1753805440.821798,down,u
0,1753805440.910336,up,u
0,1753805441.034475,down,o
0,1753805441.138252,up,o
0,1753805441.164857,down,r
0,1753805441.288054,down,space
0,1753805441.306613,up,r
0,1753805441.451658,up,space
0,1753805441.543332,down,j
0,1753805441.650438,up,j
0,1753805441.694680,down,u
0,1753805441.797957,up,u
0,1753805442.037536,down,g
0,1753805442.156709,up,g
0,1753805442.176559,down,s
0,1753805442.291572,up,s
